{"name":"Autodesk Design Description","version":"0.1","designDescription":{"id":"ADFFE347-AF8F-48E7-8EC1-4BA7F40E4A53","name":"My XRef File Design","currentVersion":"1","designGraphs":[{"creationDate":"2016-12-26 02:35:53","creatingService":"RVT LMV Extractor XRef","rootIds":[1],"designObjectRefs":[],"designObjects":[{"id":1,"version":0,"about":"urn:adsk.objects:os.object:extract-autodesk-io-2017/rac_advanced.rvt","relativePath":"rac_advanced.rvt","displayName":"rac_advanced.rvt","contentType":".rvt","shareInfo":null,"references":[{"type":"x-ref","ids":[2]}],"metadata":{}},{"id":2,"version":0,"about":"","relativePath":"Newspaper.jpg","displayName":"Newspaper.jpg","contentType":".jpg","shareInfo":null,"references":[],"metadata":{}}]}]}}